"Agent","Cycle","Vertical","Priority","KPI","File"
"Implementer","core","SaaS B2B","crescimento eficiente e retenção","NRR, churn, CAC payback",".github/agents/implementer.agent.md"
"Planner","core","SaaS B2B","crescimento eficiente e retenção","NRR, churn, CAC payback",".github/agents/planner.agent.md"
"Reviewer","core","SaaS B2B","crescimento eficiente e retenção","NRR, churn, CAC payback",".github/agents/reviewer.agent.md"
"AdvocacyFinder","cycle-01","SaaS B2B","crescimento eficiente e retenção","NRR, churn, CAC payback",".github/agents/cycle-01/advocacy-finder.agent.md"
"AuditBot","cycle-01","SaaS B2B","crescimento eficiente e retenção","NRR, churn, CAC payback",".github/agents/cycle-01/audit-bot.agent.md"
"BoardPrep AI","cycle-01","SaaS B2B","crescimento eficiente e retenção","NRR, churn, CAC payback",".github/agents/cycle-01/board-prep-ai.agent.md"
"BrandGuardian","cycle-01","SaaS B2B","crescimento eficiente e retenção","NRR, churn, CAC payback",".github/agents/cycle-01/brand-guardian.agent.md"
"BudgetFluid","cycle-01","SaaS B2B","crescimento eficiente e retenção","NRR, churn, CAC payback",".github/agents/cycle-01/budget-fluid.agent.md"
"CapitalAllocator","cycle-01","SaaS B2B","crescimento eficiente e retenção","NRR, churn, CAC payback",".github/agents/cycle-01/capital-allocator.agent.md"
"CapTableManager","cycle-01","SaaS B2B","crescimento eficiente e retenção","NRR, churn, CAC payback",".github/agents/cycle-01/cap-table-manager.agent.md"
"CashFlowClairvoyant","cycle-01","SaaS B2B","crescimento eficiente e retenção","NRR, churn, CAC payback",".github/agents/cycle-01/cash-flow-clairvoyant.agent.md"
"ChurnDeflector","cycle-01","SaaS B2B","crescimento eficiente e retenção","NRR, churn, CAC payback",".github/agents/cycle-01/churn-deflector.agent.md"
"CompetitorX-Ray","cycle-01","SaaS B2B","crescimento eficiente e retenção","NRR, churn, CAC payback",".github/agents/cycle-01/competitor-x-ray.agent.md"
"CrisisNavigator","cycle-01","SaaS B2B","crescimento eficiente e retenção","NRR, churn, CAC payback",".github/agents/cycle-01/crisis-navigator.agent.md"
"CulturePulse","cycle-01","SaaS B2B","crescimento eficiente e retenção","NRR, churn, CAC payback",".github/agents/cycle-01/culture-pulse.agent.md"
"EscalationPredictor","cycle-01","SaaS B2B","crescimento eficiente e retenção","NRR, churn, CAC payback",".github/agents/cycle-01/escalation-predictor.agent.md"
"ExpansionMapper","cycle-01","SaaS B2B","crescimento eficiente e retenção","NRR, churn, CAC payback",".github/agents/cycle-01/expansion-mapper.agent.md"
"JourneyArchitect","cycle-01","SaaS B2B","crescimento eficiente e retenção","NRR, churn, CAC payback",".github/agents/cycle-01/journey-architect.agent.md"
"MarketSentinel","cycle-01","SaaS B2B","crescimento eficiente e retenção","NRR, churn, CAC payback",".github/agents/cycle-01/market-sentinel.agent.md"
"NarrativeWeaver","cycle-01","SaaS B2B","crescimento eficiente e retenção","NRR, churn, CAC payback",".github/agents/cycle-01/narrative-weaver.agent.md"
"PipelineOracle","cycle-01","SaaS B2B","crescimento eficiente e retenção","NRR, churn, CAC payback",".github/agents/cycle-01/pipeline-oracle.agent.md"
"PricingOptimizer","cycle-01","SaaS B2B","crescimento eficiente e retenção","NRR, churn, CAC payback",".github/agents/cycle-01/pricing-optimizer.agent.md"
"QuotaArchitect","cycle-01","SaaS B2B","crescimento eficiente e retenção","NRR, churn, CAC payback",".github/agents/cycle-01/quota-architect.agent.md"
"SentimentAggregator","cycle-01","SaaS B2B","crescimento eficiente e retenção","NRR, churn, CAC payback",".github/agents/cycle-01/sentiment-aggregator.agent.md"
"SpendController","cycle-01","SaaS B2B","crescimento eficiente e retenção","NRR, churn, CAC payback",".github/agents/cycle-01/spend-controller.agent.md"
"TaxOptimizer","cycle-01","SaaS B2B","crescimento eficiente e retenção","NRR, churn, CAC payback",".github/agents/cycle-01/tax-optimizer.agent.md"
"TrendCatcher","cycle-01","SaaS B2B","crescimento eficiente e retenção","NRR, churn, CAC payback",".github/agents/cycle-01/trend-catcher.agent.md"
"VIPConcierge","cycle-01","SaaS B2B","crescimento eficiente e retenção","NRR, churn, CAC payback",".github/agents/cycle-01/vip-concierge.agent.md"
"AgencyAuditor","cycle-02","SaaS B2B","crescimento eficiente e retenção","NRR, churn, CAC payback",".github/agents/cycle-02/agency-auditor.agent.md"
"BoardReportingAutomator","cycle-02","SaaS B2B","crescimento eficiente e retenção","NRR, churn, CAC payback",".github/agents/cycle-02/board-reporting-automator.agent.md"
"BottleneckDetector","cycle-02","SaaS B2B","crescimento eficiente e retenção","NRR, churn, CAC payback",".github/agents/cycle-02/bottleneck-detector.agent.md"
"BurnRateMonitor","cycle-02","SaaS B2B","crescimento eficiente e retenção","NRR, churn, CAC payback",".github/agents/cycle-02/burn-rate-monitor.agent.md"
"CapacityPlanner","cycle-02","SaaS B2B","crescimento eficiente e retenção","NRR, churn, CAC payback",".github/agents/cycle-02/capacity-planner.agent.md"
"ChannelMixer","cycle-02","SaaS B2B","crescimento eficiente e retenção","NRR, churn, CAC payback",".github/agents/cycle-02/channel-mixer.agent.md"
"ComplianceEnforcer","cycle-02","SaaS B2B","crescimento eficiente e retenção","NRR, churn, CAC payback",".github/agents/cycle-02/compliance-enforcer.agent.md"
"DealDeskAutopilot","cycle-02","SaaS B2B","crescimento eficiente e retenção","NRR, churn, CAC payback",".github/agents/cycle-02/deal-desk-autopilot.agent.md"
"ExecutiveSummaryBot","cycle-02","SaaS B2B","crescimento eficiente e retenção","NRR, churn, CAC payback",".github/agents/cycle-02/executive-summary-bot.agent.md"
"ForecastRollup","cycle-02","SaaS B2B","crescimento eficiente e retenção","NRR, churn, CAC payback",".github/agents/cycle-02/forecast-rollup.agent.md"
"FXRiskManager","cycle-02","SaaS B2B","crescimento eficiente e retenção","NRR, churn, CAC payback",".github/agents/cycle-02/fx-risk-manager.agent.md"
"GlobalBrandLocalizer","cycle-02","SaaS B2B","crescimento eficiente e retenção","NRR, churn, CAC payback",".github/agents/cycle-02/global-brand-localizer.agent.md"
"HealthScoreArchitect","cycle-02","SaaS B2B","crescimento eficiente e retenção","NRR, churn, CAC payback",".github/agents/cycle-02/health-score-architect.agent.md"
"MarketingTechArchitect","cycle-02","SaaS B2B","crescimento eficiente e retenção","NRR, churn, CAC payback",".github/agents/cycle-02/marketing-tech-architect.agent.md"
"PlaybookGenerator","cycle-02","SaaS B2B","crescimento eficiente e retenção","NRR, churn, CAC payback",".github/agents/cycle-02/playbook-generator.agent.md"
"ProcurementPolicyBot","cycle-02","SaaS B2B","crescimento eficiente e retenção","NRR, churn, CAC payback",".github/agents/cycle-02/procurement-policy-bot.agent.md"
"RenewalForecastEngine","cycle-02","SaaS B2B","crescimento eficiente e retenção","NRR, churn, CAC payback",".github/agents/cycle-02/renewal-forecast-engine.agent.md"
"RepCoach AI","cycle-02","SaaS B2B","crescimento eficiente e retenção","NRR, churn, CAC payback",".github/agents/cycle-02/rep-coach-ai.agent.md"
"ResourceBalancer","cycle-02","SaaS B2B","crescimento eficiente e retenção","NRR, churn, CAC payback",".github/agents/cycle-02/resource-balancer.agent.md"
"ScenarioModeler","cycle-02","SaaS B2B","crescimento eficiente e retenção","NRR, churn, CAC payback",".github/agents/cycle-02/scenario-modeler.agent.md"
"StrategicPartnerScout","cycle-02","SaaS B2B","crescimento eficiente e retenção","NRR, churn, CAC payback",".github/agents/cycle-02/strategic-partner-scout.agent.md"
"SupplyChainSync","cycle-02","SaaS B2B","crescimento eficiente e retenção","NRR, churn, CAC payback",".github/agents/cycle-02/supply-chain-sync.agent.md"
"TerritoryMapper","cycle-02","SaaS B2B","crescimento eficiente e retenção","NRR, churn, CAC payback",".github/agents/cycle-02/territory-mapper.agent.md"
"TieringOptimizer","cycle-02","SaaS B2B","crescimento eficiente e retenção","NRR, churn, CAC payback",".github/agents/cycle-02/tiering-optimizer.agent.md"
"VendorNegotiator","cycle-02","SaaS B2B","crescimento eficiente e retenção","NRR, churn, CAC payback",".github/agents/cycle-02/vendor-negotiator.agent.md"
"AccountMapper","cycle-03","SaaS B2B","crescimento eficiente e retenção","NRR, churn, CAC payback",".github/agents/cycle-03/account-mapper.agent.md"
"CalendarSniper","cycle-03","SaaS B2B","crescimento eficiente e retenção","NRR, churn, CAC payback",".github/agents/cycle-03/calendar-sniper.agent.md"
"ColdCallScripter","cycle-03","SaaS B2B","crescimento eficiente e retenção","NRR, churn, CAC payback",".github/agents/cycle-03/cold-call-scripter.agent.md"
"DataCleaner","cycle-03","SaaS B2B","crescimento eficiente e retenção","NRR, churn, CAC payback",".github/agents/cycle-03/data-cleaner.agent.md"
"EnrichmentBot","cycle-03","SaaS B2B","crescimento eficiente e retenção","NRR, churn, CAC payback",".github/agents/cycle-03/enrichment-bot.agent.md"
"FollowUpGhost","cycle-03","SaaS B2B","crescimento eficiente e retenção","NRR, churn, CAC payback",".github/agents/cycle-03/follow-up-ghost.agent.md"
"InboundScorer","cycle-03","SaaS B2B","crescimento eficiente e retenção","NRR, churn, CAC payback",".github/agents/cycle-03/inbound-scorer.agent.md"
"IntentDecoder","cycle-03","SaaS B2B","crescimento eficiente e retenção","NRR, churn, CAC payback",".github/agents/cycle-03/intent-decoder.agent.md"
"ObjectionCrusher","cycle-03","SaaS B2B","crescimento eficiente e retenção","NRR, churn, CAC payback",".github/agents/cycle-03/objection-crusher.agent.md"
"PersonalizationEngine","cycle-03","SaaS B2B","crescimento eficiente e retenção","NRR, churn, CAC payback",".github/agents/cycle-03/personalization-engine.agent.md"
"RoutingTrafficCop","cycle-03","SaaS B2B","crescimento eficiente e retenção","NRR, churn, CAC payback",".github/agents/cycle-03/routing-traffic-cop.agent.md"
"TargetScraper","cycle-03","SaaS B2B","crescimento eficiente e retenção","NRR, churn, CAC payback",".github/agents/cycle-03/target-scraper.agent.md"
"TriggerEventWatcher","cycle-03","SaaS B2B","crescimento eficiente e retenção","NRR, churn, CAC payback",".github/agents/cycle-03/trigger-event-watcher.agent.md"
"VoicemailDropper","cycle-03","SaaS B2B","crescimento eficiente e retenção","NRR, churn, CAC payback",".github/agents/cycle-03/voicemail-dropper.agent.md"
"WebinarNurturer","cycle-03","SaaS B2B","crescimento eficiente e retenção","NRR, churn, CAC payback",".github/agents/cycle-03/webinar-nurturer.agent.md"
"ActivityAnalyzer","cycle-04","SaaS B2B","crescimento eficiente e retenção","NRR, churn, CAC payback",".github/agents/cycle-04/activity-analyzer.agent.md"
"AnnualReportAnalyzer","cycle-04","SaaS B2B","crescimento eficiente e retenção","NRR, churn, CAC payback",".github/agents/cycle-04/annual-report-analyzer.agent.md"
"CompetitorDisplacement","cycle-04","SaaS B2B","crescimento eficiente e retenção","NRR, churn, CAC payback",".github/agents/cycle-04/competitor-displacement.agent.md"
"ContentToLead","cycle-04","SaaS B2B","crescimento eficiente e retenção","NRR, churn, CAC payback",".github/agents/cycle-04/content-to-lead.agent.md"
"ConversionForecaster","cycle-04","SaaS B2B","crescimento eficiente e retenção","NRR, churn, CAC payback",".github/agents/cycle-04/conversion-forecaster.agent.md"
"EventQualifier","cycle-04","SaaS B2B","crescimento eficiente e retenção","NRR, churn, CAC payback",".github/agents/cycle-04/event-qualifier.agent.md"
"GamificationMaster","cycle-04","SaaS B2B","crescimento eficiente e retenção","NRR, churn, CAC payback",".github/agents/cycle-04/gamification-master.agent.md"
"GatekeeperBypass","cycle-04","SaaS B2B","crescimento eficiente e retenção","NRR, churn, CAC payback",".github/agents/cycle-04/gatekeeper-bypass.agent.md"
"MultiThreader","cycle-04","SaaS B2B","crescimento eficiente e retenção","NRR, churn, CAC payback",".github/agents/cycle-04/multi-threader.agent.md"
"NicheExplorer","cycle-04","SaaS B2B","crescimento eficiente e retenção","NRR, churn, CAC payback",".github/agents/cycle-04/niche-explorer.agent.md"
"PartnerEcosystemScout","cycle-04","SaaS B2B","crescimento eficiente e retenção","NRR, churn, CAC payback",".github/agents/cycle-04/partner-ecosystem-scout.agent.md"
"RampUpAssistant","cycle-04","SaaS B2B","crescimento eficiente e retenção","NRR, churn, CAC payback",".github/agents/cycle-04/ramp-up-assistant.agent.md"
"StakeholderPersonaGenerator","cycle-04","SaaS B2B","crescimento eficiente e retenção","NRR, churn, CAC payback",".github/agents/cycle-04/stakeholder-persona-generator.agent.md"
"TranscriptCoach","cycle-04","SaaS B2B","crescimento eficiente e retenção","NRR, churn, CAC payback",".github/agents/cycle-04/transcript-coach.agent.md"
"VerticalTranslator","cycle-04","SaaS B2B","crescimento eficiente e retenção","NRR, churn, CAC payback",".github/agents/cycle-04/vertical-translator.agent.md"
"ContractDrafter","cycle-05","SaaS B2B","crescimento eficiente e retenção","NRR, churn, CAC payback",".github/agents/cycle-05/contract-drafter.agent.md"
"DeckCustomizer","cycle-05","SaaS B2B","crescimento eficiente e retenção","NRR, churn, CAC payback",".github/agents/cycle-05/deck-customizer.agent.md"
"DemoScripter","cycle-05","SaaS B2B","crescimento eficiente e retenção","NRR, churn, CAC payback",".github/agents/cycle-05/demo-scripter.agent.md"
"DiscountApprover","cycle-05","SaaS B2B","crescimento eficiente e retenção","NRR, churn, CAC payback",".github/agents/cycle-05/discount-approver.agent.md"
"EarlyAdopterNurturer","cycle-05","SaaS B2B","crescimento eficiente e retenção","NRR, churn, CAC payback",".github/agents/cycle-05/early-adopter-nurturer.agent.md"
"ExecSummaryGenerator","cycle-05","SaaS B2B","crescimento eficiente e retenção","NRR, churn, CAC payback",".github/agents/cycle-05/exec-summary-generator.agent.md"
"FastQuoter","cycle-05","SaaS B2B","crescimento eficiente e retenção","NRR, churn, CAC payback",".github/agents/cycle-05/fast-quoter.agent.md"
"GhostingPreventer","cycle-05","SaaS B2B","crescimento eficiente e retenção","NRR, churn, CAC payback",".github/agents/cycle-05/ghosting-preventer.agent.md"
"ICPRefiner","cycle-05","SaaS B2B","crescimento eficiente e retenção","NRR, churn, CAC payback",".github/agents/cycle-05/icp-refiner.agent.md"
"MultiYearDealModeller","cycle-05","SaaS B2B","crescimento eficiente e retenção","NRR, churn, CAC payback",".github/agents/cycle-05/multi-year-deal-modeller.agent.md"
"MutualActionTracker","cycle-05","SaaS B2B","crescimento eficiente e retenção","NRR, churn, CAC payback",".github/agents/cycle-05/mutual-action-tracker.agent.md"
"ObjectionFlashcard","cycle-05","SaaS B2B","crescimento eficiente e retenção","NRR, churn, CAC payback",".github/agents/cycle-05/objection-flashcard.agent.md"
"OrgNav","cycle-05","SaaS B2B","crescimento eficiente e retenção","NRR, churn, CAC payback",".github/agents/cycle-05/org-nav.agent.md"
"PaymentLinkSender","cycle-05","SaaS B2B","crescimento eficiente e retenção","NRR, churn, CAC payback",".github/agents/cycle-05/payment-link-sender.agent.md"
"PlaybookCreator","cycle-05","SaaS B2B","crescimento eficiente e retenção","NRR, churn, CAC payback",".github/agents/cycle-05/playbook-creator.agent.md"
"PricingTester","cycle-05","SaaS B2B","crescimento eficiente e retenção","NRR, churn, CAC payback",".github/agents/cycle-05/pricing-tester.agent.md"
"ProcurementHacker","cycle-05","SaaS B2B","crescimento eficiente e retenção","NRR, churn, CAC payback",".github/agents/cycle-05/procurement-hacker.agent.md"
"ProductFeedbackLooper","cycle-05","SaaS B2B","crescimento eficiente e retenção","NRR, churn, CAC payback",".github/agents/cycle-05/product-feedback-looper.agent.md"
"RFPAutoResponder","cycle-05","SaaS B2B","crescimento eficiente e retenção","NRR, churn, CAC payback",".github/agents/cycle-05/rfp-auto-responder.agent.md"
"ROICalculatorBuilder","cycle-05","SaaS B2B","crescimento eficiente e retenção","NRR, churn, CAC payback",".github/agents/cycle-05/roi-calculator-builder.agent.md"
"ArchitectureDiagrammer","cycle-06","SaaS B2B","crescimento eficiente e retenção","NRR, churn, CAC payback",".github/agents/cycle-06/architecture-diagrammer.agent.md"
"CompPlanCalculator","cycle-06","SaaS B2B","crescimento eficiente e retenção","NRR, churn, CAC payback",".github/agents/cycle-06/comp-plan-calculator.agent.md"
"DealAtRiskAlerter","cycle-06","SaaS B2B","crescimento eficiente e retenção","NRR, churn, CAC payback",".github/agents/cycle-06/deal-at-risk-alerter.agent.md"
"DemoSandboxer","cycle-06","SaaS B2B","crescimento eficiente e retenção","NRR, churn, CAC payback",".github/agents/cycle-06/demo-sandboxer.agent.md"
"DiscountLeakGuard","cycle-06","SaaS B2B","crescimento eficiente e retenção","NRR, churn, CAC payback",".github/agents/cycle-06/discount-leak-guard.agent.md"
"ExecutiveDemoCurator","cycle-06","SaaS B2B","crescimento eficiente e retenção","NRR, churn, CAC payback",".github/agents/cycle-06/executive-demo-curator.agent.md"
"LeaderboardBroadcaster","cycle-06","SaaS B2B","crescimento eficiente e retenção","NRR, churn, CAC payback",".github/agents/cycle-06/leaderboard-broadcaster.agent.md"
"MarketExpansionModeler","cycle-06","SaaS B2B","crescimento eficiente e retenção","NRR, churn, CAC payback",".github/agents/cycle-06/market-expansion-modeler.agent.md"
"OneOnOnePrep","cycle-06","SaaS B2B","crescimento eficiente e retenção","NRR, churn, CAC payback",".github/agents/cycle-06/one-on-one-prep.agent.md"
"PipelineInspector","cycle-06","SaaS B2B","crescimento eficiente e retenção","NRR, churn, CAC payback",".github/agents/cycle-06/pipeline-inspector.agent.md"
"PoCTracker","cycle-06","SaaS B2B","crescimento eficiente e retenção","NRR, churn, CAC payback",".github/agents/cycle-06/poc-tracker.agent.md"
"QuotaSetter","cycle-06","SaaS B2B","crescimento eficiente e retenção","NRR, churn, CAC payback",".github/agents/cycle-06/quota-setter.agent.md"
"ROIScenarioModeler","cycle-06","SaaS B2B","crescimento eficiente e retenção","NRR, churn, CAC payback",".github/agents/cycle-06/roi-scenario-modeler.agent.md"
"SecurityQuestionnaireFiller","cycle-06","SaaS B2B","crescimento eficiente e retenção","NRR, churn, CAC payback",".github/agents/cycle-06/security-questionnaire-filler.agent.md"
"StrategicAllianceScout","cycle-06","SaaS B2B","crescimento eficiente e retenção","NRR, churn, CAC payback",".github/agents/cycle-06/strategic-alliance-scout.agent.md"
"TechObjectionResolver","cycle-06","SaaS B2B","crescimento eficiente e retenção","NRR, churn, CAC payback",".github/agents/cycle-06/tech-objection-resolver.agent.md"
"TechStackAuditor","cycle-06","SaaS B2B","crescimento eficiente e retenção","NRR, churn, CAC payback",".github/agents/cycle-06/tech-stack-auditor.agent.md"
"UseCaseGenerator","cycle-06","SaaS B2B","crescimento eficiente e retenção","NRR, churn, CAC payback",".github/agents/cycle-06/use-case-generator.agent.md"
"ValueAligner","cycle-06","SaaS B2B","crescimento eficiente e retenção","NRR, churn, CAC payback",".github/agents/cycle-06/value-aligner.agent.md"
"WinLossAnalyzer","cycle-06","SaaS B2B","crescimento eficiente e retenção","NRR, churn, CAC payback",".github/agents/cycle-06/win-loss-analyzer.agent.md"
"ABTestAutomator","cycle-07","Media/Content","crescimento de audiência rentável","retenção de audiência, RPM, alcance qualificado",".github/agents/cycle-07/ab-test-automator.agent.md"
"ActivationOptimizer","cycle-07","Media/Content","crescimento de audiência rentável","retenção de audiência, RPM, alcance qualificado",".github/agents/cycle-07/activation-optimizer.agent.md"
"AdCopyMachine","cycle-07","Media/Content","crescimento de audiência rentável","retenção de audiência, RPM, alcance qualificado",".github/agents/cycle-07/ad-copy-machine.agent.md"
"AdFatigueMonitor","cycle-07","Media/Content","crescimento de audiência rentável","retenção de audiência, RPM, alcance qualificado",".github/agents/cycle-07/ad-fatigue-monitor.agent.md"
"BattlecardUpdater","cycle-07","Media/Content","crescimento de audiência rentável","retenção de audiência, RPM, alcance qualificado",".github/agents/cycle-07/battlecard-updater.agent.md"
"BidAutoAdjuster","cycle-07","Media/Content","crescimento de audiência rentável","retenção de audiência, RPM, alcance qualificado",".github/agents/cycle-07/bid-auto-adjuster.agent.md"
"CACLTVModeler","cycle-07","Media/Content","crescimento de audiência rentável","retenção de audiência, RPM, alcance qualificado",".github/agents/cycle-07/cacltv-modeler.agent.md"
"CampaignOrchestrator","cycle-07","Media/Content","crescimento de audiência rentável","retenção de audiência, RPM, alcance qualificado",".github/agents/cycle-07/campaign-orchestrator.agent.md"
"CreativeAssetTester","cycle-07","Media/Content","crescimento de audiência rentável","retenção de audiência, RPM, alcance qualificado",".github/agents/cycle-07/creative-asset-tester.agent.md"
"KeywordOpportunitySpotter","cycle-07","Media/Content","crescimento de audiência rentável","retenção de audiência, RPM, alcance qualificado",".github/agents/cycle-07/keyword-opportunity-spotter.agent.md"
"LandingPageMorpher","cycle-07","Media/Content","crescimento de audiência rentável","retenção de audiência, RPM, alcance qualificado",".github/agents/cycle-07/landing-page-morpher.agent.md"
"LaunchPlanner","cycle-07","Media/Content","crescimento de audiência rentável","retenção de audiência, RPM, alcance qualificado",".github/agents/cycle-07/launch-planner.agent.md"
"LeadMagnetCreator","cycle-07","Media/Content","crescimento de audiência rentável","retenção de audiência, RPM, alcance qualificado",".github/agents/cycle-07/lead-magnet-creator.agent.md"
"PersonaSync","cycle-07","Media/Content","crescimento de audiência rentável","retenção de audiência, RPM, alcance qualificado",".github/agents/cycle-07/persona-sync.agent.md"
"PlagiarismToneChecker","cycle-07","Media/Content","crescimento de audiência rentável","retenção de audiência, RPM, alcance qualificado",".github/agents/cycle-07/plagiarism-tone-checker.agent.md"
"PositioningTester","cycle-07","Media/Content","crescimento de audiência rentável","retenção de audiência, RPM, alcance qualificado",".github/agents/cycle-07/positioning-tester.agent.md"
"ReleaseNoteWriter","cycle-07","Media/Content","crescimento de audiência rentável","retenção de audiência, RPM, alcance qualificado",".github/agents/cycle-07/release-note-writer.agent.md"
"ROASMaximizer","cycle-07","Media/Content","crescimento de audiência rentável","retenção de audiência, RPM, alcance qualificado",".github/agents/cycle-07/roas-maximizer.agent.md"
"SEODraftWriter","cycle-07","Media/Content","crescimento de audiência rentável","retenção de audiência, RPM, alcance qualificado",".github/agents/cycle-07/seo-draft-writer.agent.md"
"TopicClusterPlanner","cycle-07","Media/Content","crescimento de audiência rentável","retenção de audiência, RPM, alcance qualificado",".github/agents/cycle-07/topic-cluster-planner.agent.md"
"ViralLoopTracker","cycle-07","Media/Content","crescimento de audiência rentável","retenção de audiência, RPM, alcance qualificado",".github/agents/cycle-07/viral-loop-tracker.agent.md"
"WebinarPromoter","cycle-07","Media/Content","crescimento de audiência rentável","retenção de audiência, RPM, alcance qualificado",".github/agents/cycle-07/webinar-promoter.agent.md"
"BacklinkScouter","cycle-08","Media/Content","crescimento de audiência rentável","retenção de audiência, RPM, alcance qualificado",".github/agents/cycle-08/backlink-scouter.agent.md"
"BrandGuidelineEnforcer","cycle-08","Media/Content","crescimento de audiência rentável","retenção de audiência, RPM, alcance qualificado",".github/agents/cycle-08/brand-guideline-enforcer.agent.md"
"CannibalizationDetector","cycle-08","Media/Content","crescimento de audiência rentável","retenção de audiência, RPM, alcance qualificado",".github/agents/cycle-08/cannibalization-detector.agent.md"
"ChurnWinBackSequencer","cycle-08","Media/Content","crescimento de audiência rentável","retenção de audiência, RPM, alcance qualificado",".github/agents/cycle-08/churn-win-back-sequencer.agent.md"
"ContentRepurposer","cycle-08","Media/Content","crescimento de audiência rentável","retenção de audiência, RPM, alcance qualificado",".github/agents/cycle-08/content-repurposer.agent.md"
"CrisisCommsDrafter","cycle-08","Media/Content","crescimento de audiência rentável","retenção de audiência, RPM, alcance qualificado",".github/agents/cycle-08/crisis-comms-drafter.agent.md"
"DashboardAutomator","cycle-08","Media/Content","crescimento de audiência rentável","retenção de audiência, RPM, alcance qualificado",".github/agents/cycle-08/dashboard-automator.agent.md"
"DataHygieneMonitor","cycle-08","Media/Content","crescimento de audiência rentável","retenção de audiência, RPM, alcance qualificado",".github/agents/cycle-08/data-hygiene-monitor.agent.md"
"DistributionAutomator","cycle-08","Media/Content","crescimento de audiência rentável","retenção de audiência, RPM, alcance qualificado",".github/agents/cycle-08/distribution-automator.agent.md"
"DripCampaignTrigger","cycle-08","Media/Content","crescimento de audiência rentável","retenção de audiência, RPM, alcance qualificado",".github/agents/cycle-08/drip-campaign-trigger.agent.md"
"InfluencerVettor","cycle-08","Media/Content","crescimento de audiência rentável","retenção de audiência, RPM, alcance qualificado",".github/agents/cycle-08/influencer-vettor.agent.md"
"LeadRoutingTroubleshooter","cycle-08","Media/Content","crescimento de audiência rentável","retenção de audiência, RPM, alcance qualificado",".github/agents/cycle-08/lead-routing-troubleshooter.agent.md"
"MarTechSync","cycle-08","Media/Content","crescimento de audiência rentável","retenção de audiência, RPM, alcance qualificado",".github/agents/cycle-08/mar-tech-sync.agent.md"
"NewsletterCurator","cycle-08","Media/Content","crescimento de audiência rentável","retenção de audiência, RPM, alcance qualificado",".github/agents/cycle-08/newsletter-curator.agent.md"
"OnPageOptimizer","cycle-08","Media/Content","crescimento de audiência rentável","retenção de audiência, RPM, alcance qualificado",".github/agents/cycle-08/on-page-optimizer.agent.md"
"PRScraper","cycle-08","Media/Content","crescimento de audiência rentável","retenção de audiência, RPM, alcance qualificado",".github/agents/cycle-08/pr-scraper.agent.md"
"SchemaMarkupGenerator","cycle-08","Media/Content","crescimento de audiência rentável","retenção de audiência, RPM, alcance qualificado",".github/agents/cycle-08/schema-markup-generator.agent.md"
"SentimentShiftAlerter","cycle-08","Media/Content","crescimento de audiência rentável","retenção de audiência, RPM, alcance qualificado",".github/agents/cycle-08/sentiment-shift-alerter.agent.md"
"SERPVolatilityTracker","cycle-08","Media/Content","crescimento de audiência rentável","retenção de audiência, RPM, alcance qualificado",".github/agents/cycle-08/serp-volatility-tracker.agent.md"
"SubjectLineTester","cycle-08","Media/Content","crescimento de audiência rentável","retenção de audiência, RPM, alcance qualificado",".github/agents/cycle-08/subject-line-tester.agent.md"
"UnsubscribePredictor","cycle-08","Media/Content","crescimento de audiência rentável","retenção de audiência, RPM, alcance qualificado",".github/agents/cycle-08/unsubscribe-predictor.agent.md"
"UTMBuilderBot","cycle-08","Media/Content","crescimento de audiência rentável","retenção de audiência, RPM, alcance qualificado",".github/agents/cycle-08/utm-builder-bot.agent.md"
"AdoptionMetricAnalyzer","cycle-09","SaaS B2B","crescimento eficiente e retenção","NRR, churn, CAC payback",".github/agents/cycle-09/adoption-metric-analyzer.agent.md"
"AhaMomentTracker","cycle-09","SaaS B2B","crescimento eficiente e retenção","NRR, churn, CAC payback",".github/agents/cycle-09/aha-moment-tracker.agent.md"
"AngryCustomerEscalator","cycle-09","SaaS B2B","crescimento eficiente e retenção","NRR, churn, CAC payback",".github/agents/cycle-09/angry-customer-escalator.agent.md"
"APIKeyConfigurator","cycle-09","SaaS B2B","crescimento eficiente e retenção","NRR, churn, CAC payback",".github/agents/cycle-09/api-key-configurator.agent.md"
"BestPracticeRecommender","cycle-09","SaaS B2B","crescimento eficiente e retenção","NRR, churn, CAC payback",".github/agents/cycle-09/best-practice-recommender.agent.md"
"CrossSellMapper","cycle-09","SaaS B2B","crescimento eficiente e retenção","NRR, churn, CAC payback",".github/agents/cycle-09/cross-sell-mapper.agent.md"
"CSATNPSAggregator","cycle-09","SaaS B2B","crescimento eficiente e retenção","NRR, churn, CAC payback",".github/agents/cycle-09/csatnps-aggregator.agent.md"
"CustomScriptGenerator","cycle-09","SaaS B2B","crescimento eficiente e retenção","NRR, churn, CAC payback",".github/agents/cycle-09/custom-script-generator.agent.md"
"DataMigrationValidator","cycle-09","SaaS B2B","crescimento eficiente e retenção","NRR, churn, CAC payback",".github/agents/cycle-09/data-migration-validator.agent.md"
"DelayEscalator","cycle-09","SaaS B2B","crescimento eficiente e retenção","NRR, churn, CAC payback",".github/agents/cycle-09/delay-escalator.agent.md"
"ExecutiveSponsorTracker","cycle-09","SaaS B2B","crescimento eficiente e retenção","NRR, churn, CAC payback",".github/agents/cycle-09/executive-sponsor-tracker.agent.md"
"FAQAutoResponder","cycle-09","SaaS B2B","crescimento eficiente e retenção","NRR, churn, CAC payback",".github/agents/cycle-09/faq-auto-responder.agent.md"
"HealthScoreTrigger","cycle-09","SaaS B2B","crescimento eficiente e retenção","NRR, churn, CAC payback",".github/agents/cycle-09/health-score-trigger.agent.md"
"KBGapIdentifier","cycle-09","SaaS B2B","crescimento eficiente e retenção","NRR, churn, CAC payback",".github/agents/cycle-09/kb-gap-identifier.agent.md"
"L1AutoResolver","cycle-09","SaaS B2B","crescimento eficiente e retenção","NRR, churn, CAC payback",".github/agents/cycle-09/l1-auto-resolver.agent.md"
"L3BugReplicator","cycle-09","SaaS B2B","crescimento eficiente e retenção","NRR, churn, CAC payback",".github/agents/cycle-09/l3-bug-replicator.agent.md"
"MilestoneChaser","cycle-09","SaaS B2B","crescimento eficiente e retenção","NRR, churn, CAC payback",".github/agents/cycle-09/milestone-chaser.agent.md"
"OutageCommunicator","cycle-09","SaaS B2B","crescimento eficiente e retenção","NRR, churn, CAC payback",".github/agents/cycle-09/outage-communicator.agent.md"
"PatchUpdateAlerter","cycle-09","SaaS B2B","crescimento eficiente e retenção","NRR, churn, CAC payback",".github/agents/cycle-09/patch-update-alerter.agent.md"
"PricingTierRecommender","cycle-09","SaaS B2B","crescimento eficiente e retenção","NRR, churn, CAC payback",".github/agents/cycle-09/pricing-tier-recommender.agent.md"
"ProjectPlanTracker","cycle-09","SaaS B2B","crescimento eficiente e retenção","NRR, churn, CAC payback",".github/agents/cycle-09/project-plan-tracker.agent.md"
"QBRDeckBuilder","cycle-09","SaaS B2B","crescimento eficiente e retenção","NRR, churn, CAC payback",".github/agents/cycle-09/qbr-deck-builder.agent.md"
"RefundProcessor","cycle-09","SaaS B2B","crescimento eficiente e retenção","NRR, churn, CAC payback",".github/agents/cycle-09/refund-processor.agent.md"
"RelationshipMatrixBuilder","cycle-09","SaaS B2B","crescimento eficiente e retenção","NRR, churn, CAC payback",".github/agents/cycle-09/relationship-matrix-builder.agent.md"
"RenewalContractGenerator","cycle-09","SaaS B2B","crescimento eficiente e retenção","NRR, churn, CAC payback",".github/agents/cycle-09/renewal-contract-generator.agent.md"
"ScalabilityPredictor","cycle-09","SaaS B2B","crescimento eficiente e retenção","NRR, churn, CAC payback",".github/agents/cycle-09/scalability-predictor.agent.md"
"SemanticSearchKB","cycle-09","SaaS B2B","crescimento eficiente e retenção","NRR, churn, CAC payback",".github/agents/cycle-09/semantic-search-kb.agent.md"
"ShiftScheduler","cycle-09","SaaS B2B","crescimento eficiente e retenção","NRR, churn, CAC payback",".github/agents/cycle-09/shift-scheduler.agent.md"
"SLAMonitor","cycle-09","SaaS B2B","crescimento eficiente e retenção","NRR, churn, CAC payback",".github/agents/cycle-09/sla-monitor.agent.md"
"TicketBacklogAnalyzer","cycle-09","SaaS B2B","crescimento eficiente e retenção","NRR, churn, CAC payback",".github/agents/cycle-09/ticket-backlog-analyzer.agent.md"
"TicketClassifier","cycle-09","SaaS B2B","crescimento eficiente e retenção","NRR, churn, CAC payback",".github/agents/cycle-09/ticket-classifier.agent.md"
"TrainingVideoRecommender","cycle-09","SaaS B2B","crescimento eficiente e retenção","NRR, churn, CAC payback",".github/agents/cycle-09/training-video-recommender.agent.md"
"UpsellPrompt","cycle-09","SaaS B2B","crescimento eficiente e retenção","NRR, churn, CAC payback",".github/agents/cycle-09/upsell-prompt.agent.md"
"WelcomeSequencer","cycle-09","SaaS B2B","crescimento eficiente e retenção","NRR, churn, CAC payback",".github/agents/cycle-09/welcome-sequencer.agent.md"
"WhiteSpaceAnalyzer","cycle-09","SaaS B2B","crescimento eficiente e retenção","NRR, churn, CAC payback",".github/agents/cycle-09/white-space-analyzer.agent.md"
"ACVGrowthTracker","cycle-10","Logistics/Supply Chain","eficiência operacional e previsibilidade","OTIF, lead time, custo por rota",".github/agents/cycle-10/acv-growth-tracker.agent.md"
"APIIntegrationBuilder","cycle-10","Logistics/Supply Chain","eficiência operacional e previsibilidade","OTIF, lead time, custo por rota",".github/agents/cycle-10/api-integration-builder.agent.md"
"ApprovalWorkflowRouter","cycle-10","Logistics/Supply Chain","eficiência operacional e previsibilidade","OTIF, lead time, custo por rota",".github/agents/cycle-10/approval-workflow-router.agent.md"
"ChannelAttritionPredictor","cycle-10","Logistics/Supply Chain","eficiência operacional e previsibilidade","OTIF, lead time, custo por rota",".github/agents/cycle-10/channel-attrition-predictor.agent.md"
"CohortAnalyzer","cycle-10","Logistics/Supply Chain","eficiência operacional e previsibilidade","OTIF, lead time, custo por rota",".github/agents/cycle-10/cohort-analyzer.agent.md"
"CompetitorIntelBroadcaster","cycle-10","Logistics/Supply Chain","eficiência operacional e previsibilidade","OTIF, lead time, custo por rota",".github/agents/cycle-10/competitor-intel-broadcaster.agent.md"
"CRMCleanser","cycle-10","Logistics/Supply Chain","eficiência operacional e previsibilidade","OTIF, lead time, custo por rota",".github/agents/cycle-10/crm-cleanser.agent.md"
"CustomCRMUIBuilder","cycle-10","Logistics/Supply Chain","eficiência operacional e previsibilidade","OTIF, lead time, custo por rota",".github/agents/cycle-10/custom-crm-ui-builder.agent.md"
"DataEnrichmentAutomator","cycle-10","Logistics/Supply Chain","eficiência operacional e previsibilidade","OTIF, lead time, custo por rota",".github/agents/cycle-10/data-enrichment-automator.agent.md"
"DataSiloBridger","cycle-10","Logistics/Supply Chain","eficiência operacional e previsibilidade","OTIF, lead time, custo por rota",".github/agents/cycle-10/data-silo-bridger.agent.md"
"DiscountWaterfallModeler","cycle-10","Logistics/Supply Chain","eficiência operacional e previsibilidade","OTIF, lead time, custo por rota",".github/agents/cycle-10/discount-waterfall-modeler.agent.md"
"DuplicateMerger","cycle-10","Logistics/Supply Chain","eficiência operacional e previsibilidade","OTIF, lead time, custo por rota",".github/agents/cycle-10/duplicate-merger.agent.md"
"ForecastingModeler","cycle-10","Logistics/Supply Chain","eficiência operacional e previsibilidade","OTIF, lead time, custo por rota",".github/agents/cycle-10/forecasting-modeler.agent.md"
"FunnelLeakDetector","cycle-10","Logistics/Supply Chain","eficiência operacional e previsibilidade","OTIF, lead time, custo por rota",".github/agents/cycle-10/funnel-leak-detector.agent.md"
"GTMAlignmentScorer","cycle-10","Logistics/Supply Chain","eficiência operacional e previsibilidade","OTIF, lead time, custo por rota",".github/agents/cycle-10/gtm-alignment-scorer.agent.md"
"LeadScoringModeler","cycle-10","Logistics/Supply Chain","eficiência operacional e previsibilidade","OTIF, lead time, custo por rota",".github/agents/cycle-10/lead-scoring-modeler.agent.md"
"LegalClauseMatcher","cycle-10","Logistics/Supply Chain","eficiência operacional e previsibilidade","OTIF, lead time, custo por rota",".github/agents/cycle-10/legal-clause-matcher.agent.md"
"Mapeia","cycle-10","Logistics/Supply Chain","eficiência operacional e previsibilidade","OTIF, lead time, custo por rota",".github/agents/cycle-10/mapeia.agent.md"
"MarginCalculator","cycle-10","Logistics/Supply Chain","eficiência operacional e previsibilidade","OTIF, lead time, custo por rota",".github/agents/cycle-10/margin-calculator.agent.md"
"MicroLearningCreator","cycle-10","Logistics/Supply Chain","eficiência operacional e previsibilidade","OTIF, lead time, custo por rota",".github/agents/cycle-10/micro-learning-creator.agent.md"
"NonStandardFlag","cycle-10","Logistics/Supply Chain","eficiência operacional e previsibilidade","OTIF, lead time, custo por rota",".github/agents/cycle-10/non-standard-flag.agent.md"
"OnboardingRampTracker","cycle-10","Logistics/Supply Chain","eficiência operacional e previsibilidade","OTIF, lead time, custo por rota",".github/agents/cycle-10/onboarding-ramp-tracker.agent.md"
"PlaybookUpdater","cycle-10","Logistics/Supply Chain","eficiência operacional e previsibilidade","OTIF, lead time, custo por rota",".github/agents/cycle-10/playbook-updater.agent.md"
"PriceDiscountImpact","cycle-10","Logistics/Supply Chain","eficiência operacional e previsibilidade","OTIF, lead time, custo por rota",".github/agents/cycle-10/price-discount-impact.agent.md"
"ProcessBottleneckAlerter","cycle-10","Logistics/Supply Chain","eficiência operacional e previsibilidade","OTIF, lead time, custo por rota",".github/agents/cycle-10/process-bottleneck-alerter.agent.md"
"QuotaAttainmentTracker","cycle-10","Logistics/Supply Chain","eficiência operacional e previsibilidade","OTIF, lead time, custo por rota",".github/agents/cycle-10/quota-attainment-tracker.agent.md"
"TerritoryBalancer","cycle-10","Logistics/Supply Chain","eficiência operacional e previsibilidade","OTIF, lead time, custo por rota",".github/agents/cycle-10/territory-balancer.agent.md"
"ToolROIAnalyzer","cycle-10","Logistics/Supply Chain","eficiência operacional e previsibilidade","OTIF, lead time, custo por rota",".github/agents/cycle-10/tool-roi-analyzer.agent.md"
"ValidationRuleEnforcer","cycle-10","Logistics/Supply Chain","eficiência operacional e previsibilidade","OTIF, lead time, custo por rota",".github/agents/cycle-10/validation-rule-enforcer.agent.md"
"VoicePitchGrader","cycle-10","Logistics/Supply Chain","eficiência operacional e previsibilidade","OTIF, lead time, custo por rota",".github/agents/cycle-10/voice-pitch-grader.agent.md"
"WebhookMonitor","cycle-10","Logistics/Supply Chain","eficiência operacional e previsibilidade","OTIF, lead time, custo por rota",".github/agents/cycle-10/webhook-monitor.agent.md"
"ABTestSynthesizer","cycle-11","SaaS B2B","crescimento eficiente e retenção","NRR, churn, CAC payback",".github/agents/cycle-11/ab-test-synthesizer.agent.md"
"AnomalyDetector","cycle-11","SaaS B2B","crescimento eficiente e retenção","NRR, churn, CAC payback",".github/agents/cycle-11/anomaly-detector.agent.md"
"ARRBridgeBuilder","cycle-11","SaaS B2B","crescimento eficiente e retenção","NRR, churn, CAC payback",".github/agents/cycle-11/arr-bridge-builder.agent.md"
"AttributionModeler","cycle-11","SaaS B2B","crescimento eficiente e retenção","NRR, churn, CAC payback",".github/agents/cycle-11/attribution-modeler.agent.md"
"AudienceSegmentDiscoverer","cycle-11","SaaS B2B","crescimento eficiente e retenção","NRR, churn, CAC payback",".github/agents/cycle-11/audience-segment-discoverer.agent.md"
"CampaignDecayPredictor","cycle-11","SaaS B2B","crescimento eficiente e retenção","NRR, churn, CAC payback",".github/agents/cycle-11/campaign-decay-predictor.agent.md"
"ChurnCohortIsolator","cycle-11","SaaS B2B","crescimento eficiente e retenção","NRR, churn, CAC payback",".github/agents/cycle-11/churn-cohort-isolator.agent.md"
"CompetitorFinancialScraper","cycle-11","SaaS B2B","crescimento eficiente e retenção","NRR, churn, CAC payback",".github/agents/cycle-11/competitor-financial-scraper.agent.md"
"DashboardAutoFreshener","cycle-11","SaaS B2B","crescimento eficiente e retenção","NRR, churn, CAC payback",".github/agents/cycle-11/dashboard-auto-freshener.agent.md"
"DataCleaningBot","cycle-11","SaaS B2B","crescimento eficiente e retenção","NRR, churn, CAC payback",".github/agents/cycle-11/data-cleaning-bot.agent.md"
"FeatureHeatmapper","cycle-11","SaaS B2B","crescimento eficiente e retenção","NRR, churn, CAC payback",".github/agents/cycle-11/feature-heatmapper.agent.md"
"GeospatialExpansionMapper","cycle-11","SaaS B2B","crescimento eficiente e retenção","NRR, churn, CAC payback",".github/agents/cycle-11/geospatial-expansion-mapper.agent.md"
"JourneyDropOffLocator","cycle-11","SaaS B2B","crescimento eficiente e retenção","NRR, churn, CAC payback",".github/agents/cycle-11/journey-drop-off-locator.agent.md"
"LTVbyChannelCalculator","cycle-11","SaaS B2B","crescimento eficiente e retenção","NRR, churn, CAC payback",".github/agents/cycle-11/ltv-by-channel-calculator.agent.md"
"MacroFactorTracker","cycle-11","SaaS B2B","crescimento eficiente e retenção","NRR, churn, CAC payback",".github/agents/cycle-11/macro-factor-tracker.agent.md"
"MarketShareEstimator","cycle-11","SaaS B2B","crescimento eficiente e retenção","NRR, churn, CAC payback",".github/agents/cycle-11/market-share-estimator.agent.md"
"MediaMixOptimizer","cycle-11","SaaS B2B","crescimento eficiente e retenção","NRR, churn, CAC payback",".github/agents/cycle-11/media-mix-optimizer.agent.md"
"NetRetentionModeler","cycle-11","SaaS B2B","crescimento eficiente e retenção","NRR, churn, CAC payback",".github/agents/cycle-11/net-retention-modeler.agent.md"
"PipelineVelocityTracker","cycle-11","SaaS B2B","crescimento eficiente e retenção","NRR, churn, CAC payback",".github/agents/cycle-11/pipeline-velocity-tracker.agent.md"
"PricingElasticityTester","cycle-11","SaaS B2B","crescimento eficiente e retenção","NRR, churn, CAC payback",".github/agents/cycle-11/pricing-elasticity-tester.agent.md"
"ProcessFlowMapper","cycle-11","SaaS B2B","crescimento eficiente e retenção","NRR, churn, CAC payback",".github/agents/cycle-11/process-flow-mapper.agent.md"
"RequirementsGatherer","cycle-11","SaaS B2B","crescimento eficiente e retenção","NRR, churn, CAC payback",".github/agents/cycle-11/requirements-gatherer.agent.md"
"ScopeCreepDetector","cycle-11","SaaS B2B","crescimento eficiente e retenção","NRR, churn, CAC payback",".github/agents/cycle-11/scope-creep-detector.agent.md"
"SessionReplaySummarizer","cycle-11","SaaS B2B","crescimento eficiente e retenção","NRR, churn, CAC payback",".github/agents/cycle-11/session-replay-summarizer.agent.md"
"SQLQueryGenerator","cycle-11","SaaS B2B","crescimento eficiente e retenção","NRR, churn, CAC payback",".github/agents/cycle-11/sql-query-generator.agent.md"
"StakeholderUpdateAutomator","cycle-11","SaaS B2B","crescimento eficiente e retenção","NRR, churn, CAC payback",".github/agents/cycle-11/stakeholder-update-automator.agent.md"
"StatSignificanceTester","cycle-11","SaaS B2B","crescimento eficiente e retenção","NRR, churn, CAC payback",".github/agents/cycle-11/stat-significance-tester.agent.md"
"StickinessTracker","cycle-11","SaaS B2B","crescimento eficiente e retenção","NRR, churn, CAC payback",".github/agents/cycle-11/stickiness-tracker.agent.md"
"StrategicKPIAggregator","cycle-11","SaaS B2B","crescimento eficiente e retenção","NRR, churn, CAC payback",".github/agents/cycle-11/strategic-kpi-aggregator.agent.md"
"UserStoryWriter","cycle-11","SaaS B2B","crescimento eficiente e retenção","NRR, churn, CAC payback",".github/agents/cycle-11/user-story-writer.agent.md"
"BadDebtPredictor","cycle-12","Legal/Compliance Services","segurança jurídica e rastreabilidade","não conformidade, tempo de revisão",".github/agents/cycle-12/bad-debt-predictor.agent.md"
"CloudSpendOptimizer","cycle-12","Legal/Compliance Services","segurança jurídica e rastreabilidade","não conformidade, tempo de revisão",".github/agents/cycle-12/cloud-spend-optimizer.agent.md"
"CollectionAgencyRouter","cycle-12","Legal/Compliance Services","segurança jurídica e rastreabilidade","não conformidade, tempo de revisão",".github/agents/cycle-12/collection-agency-router.agent.md"
"ContractRedliner","cycle-12","Legal/Compliance Services","segurança jurídica e rastreabilidade","não conformidade, tempo de revisão",".github/agents/cycle-12/contract-redliner.agent.md"
"DisputedChargeAggregator","cycle-12","Legal/Compliance Services","segurança jurídica e rastreabilidade","não conformidade, tempo de revisão",".github/agents/cycle-12/disputed-charge-aggregator.agent.md"
"DunningAutomator","cycle-12","Legal/Compliance Services","segurança jurídica e rastreabilidade","não conformidade, tempo de revisão",".github/agents/cycle-12/dunning-automator.agent.md"
"FailedPaymentRetrier","cycle-12","Legal/Compliance Services","segurança jurídica e rastreabilidade","não conformidade, tempo de revisão",".github/agents/cycle-12/failed-payment-retrier.agent.md"
"InstanceRightSizer","cycle-12","Legal/Compliance Services","segurança jurídica e rastreabilidade","não conformidade, tempo de revisão",".github/agents/cycle-12/instance-right-sizer.agent.md"
"InvoiceGenerator","cycle-12","Legal/Compliance Services","segurança jurídica e rastreabilidade","não conformidade, tempo de revisão",".github/agents/cycle-12/invoice-generator.agent.md"
"IPInfringementScraper","cycle-12","Legal/Compliance Services","segurança jurídica e rastreabilidade","não conformidade, tempo de revisão",".github/agents/cycle-12/ip-infringement-scraper.agent.md"
"NDAAutoSigner","cycle-12","Legal/Compliance Services","segurança jurídica e rastreabilidade","não conformidade, tempo de revisão",".github/agents/cycle-12/nda-auto-signer.agent.md"
"PaymentPlanNegotiator","cycle-12","Legal/Compliance Services","segurança jurídica e rastreabilidade","não conformidade, tempo de revisão",".github/agents/cycle-12/payment-plan-negotiator.agent.md"
"PromiseToPayTracker","cycle-12","Legal/Compliance Services","segurança jurídica e rastreabilidade","não conformidade, tempo de revisão",".github/agents/cycle-12/promise-to-pay-tracker.agent.md"
"ProrationCalculator","cycle-12","Legal/Compliance Services","segurança jurídica e rastreabilidade","não conformidade, tempo de revisão",".github/agents/cycle-12/proration-calculator.agent.md"
"RegulatoryChangeAlerter","cycle-12","Legal/Compliance Services","segurança jurídica e rastreabilidade","não conformidade, tempo de revisão",".github/agents/cycle-12/regulatory-change-alerter.agent.md"
"RiskExposureQuantifier","cycle-12","Legal/Compliance Services","segurança jurídica e rastreabilidade","não conformidade, tempo de revisão",".github/agents/cycle-12/risk-exposure-quantifier.agent.md"
"SaaSLicenseAuditor","cycle-12","Legal/Compliance Services","segurança jurídica e rastreabilidade","não conformidade, tempo de revisão",".github/agents/cycle-12/saas-license-auditor.agent.md"
"TaxExemptionVerifier","cycle-12","Legal/Compliance Services","segurança jurídica e rastreabilidade","não conformidade, tempo de revisão",".github/agents/cycle-12/tax-exemption-verifier.agent.md"
"AccrualEngine","cycle-13","Legal/Compliance Services","segurança jurídica e rastreabilidade","não conformidade, tempo de revisão",".github/agents/cycle-13/accrual-engine.agent.md"
"AgingReportSender","cycle-13","Legal/Compliance Services","segurança jurídica e rastreabilidade","não conformidade, tempo de revisão",".github/agents/cycle-13/aging-report-sender.agent.md"
"AuditTrailBuilder","cycle-13","Legal/Compliance Services","segurança jurídica e rastreabilidade","não conformidade, tempo de revisão",".github/agents/cycle-13/audit-trail-builder.agent.md"
"BankReconciliationBot","cycle-13","Legal/Compliance Services","segurança jurídica e rastreabilidade","não conformidade, tempo de revisão",".github/agents/cycle-13/bank-reconciliation-bot.agent.md"
"BankruptcyRiskMonitor","cycle-13","Legal/Compliance Services","segurança jurídica e rastreabilidade","não conformidade, tempo de revisão",".github/agents/cycle-13/bankruptcy-risk-monitor.agent.md"
"BudgetVariancePinger","cycle-13","Legal/Compliance Services","segurança jurídica e rastreabilidade","não conformidade, tempo de revisão",".github/agents/cycle-13/budget-variance-pinger.agent.md"
"CashAppMatcher","cycle-13","Legal/Compliance Services","segurança jurídica e rastreabilidade","não conformidade, tempo de revisão",".github/agents/cycle-13/cash-app-matcher.agent.md"
"ComplianceChecklistEnforcer","cycle-13","Legal/Compliance Services","segurança jurídica e rastreabilidade","não conformidade, tempo de revisão",".github/agents/cycle-13/compliance-checklist-enforcer.agent.md"
"CreditHoldReleaser","cycle-13","Legal/Compliance Services","segurança jurídica e rastreabilidade","não conformidade, tempo de revisão",".github/agents/cycle-13/credit-hold-releaser.agent.md"
"CreditLimitRecommender","cycle-13","Legal/Compliance Services","segurança jurídica e rastreabilidade","não conformidade, tempo de revisão",".github/agents/cycle-13/credit-limit-recommender.agent.md"
"CreditScoreFetcher","cycle-13","Legal/Compliance Services","segurança jurídica e rastreabilidade","não conformidade, tempo de revisão",".github/agents/cycle-13/credit-score-fetcher.agent.md"
"FinancialRatioCalculator","cycle-13","Legal/Compliance Services","segurança jurídica e rastreabilidade","não conformidade, tempo de revisão",".github/agents/cycle-13/financial-ratio-calculator.agent.md"
"GLAnomalyDetector","cycle-13","Legal/Compliance Services","segurança jurídica e rastreabilidade","não conformidade, tempo de revisão",".github/agents/cycle-13/gl-anomaly-detector.agent.md"
"MonthEndCloseAutomator","cycle-13","Legal/Compliance Services","segurança jurídica e rastreabilidade","não conformidade, tempo de revisão",".github/agents/cycle-13/month-end-close-automator.agent.md"
"MultiCloudCostModeler","cycle-13","Legal/Compliance Services","segurança jurídica e rastreabilidade","não conformidade, tempo de revisão",".github/agents/cycle-13/multi-cloud-cost-modeler.agent.md"
"RemittanceExtractor","cycle-13","Legal/Compliance Services","segurança jurídica e rastreabilidade","não conformidade, tempo de revisão",".github/agents/cycle-13/remittance-extractor.agent.md"
"TradeReferenceChecker","cycle-13","Legal/Compliance Services","segurança jurídica e rastreabilidade","não conformidade, tempo de revisão",".github/agents/cycle-13/trade-reference-checker.agent.md"
"AddressProofValidator","cycle-14","Fintech","risco-compliance e escala segura","default rate, fraude, aprovação segura",".github/agents/cycle-14/address-proof-validator.agent.md"
"AuditPrepEngine","cycle-14","Fintech","risco-compliance e escala segura","default rate, fraude, aprovação segura",".github/agents/cycle-14/audit-prep-engine.agent.md"
"ChargebackDisputeAutomator","cycle-14","Fintech","risco-compliance e escala segura","default rate, fraude, aprovação segura",".github/agents/cycle-14/chargeback-dispute-automator.agent.md"
"CommsSurveillanceBot","cycle-14","Fintech","risco-compliance e escala segura","default rate, fraude, aprovação segura",".github/agents/cycle-14/comms-surveillance-bot.agent.md"
"CryptoTracingBot","cycle-14","Fintech","risco-compliance e escala segura","default rate, fraude, aprovação segura",".github/agents/cycle-14/crypto-tracing-bot.agent.md"
"HighRiskJurisdictionPinger","cycle-14","Fintech","risco-compliance e escala segura","default rate, fraude, aprovação segura",".github/agents/cycle-14/high-risk-jurisdiction-pinger.agent.md"
"IDVerificationMatcher","cycle-14","Fintech","risco-compliance e escala segura","default rate, fraude, aprovação segura",".github/agents/cycle-14/id-verification-matcher.agent.md"
"LivenessCheckAnalyzer","cycle-14","Fintech","risco-compliance e escala segura","default rate, fraude, aprovação segura",".github/agents/cycle-14/liveness-check-analyzer.agent.md"
"MoneyMuleDetector","cycle-14","Fintech","risco-compliance e escala segura","default rate, fraude, aprovação segura",".github/agents/cycle-14/money-mule-detector.agent.md"
"PEPScreener","cycle-14","Fintech","risco-compliance e escala segura","default rate, fraude, aprovação segura",".github/agents/cycle-14/pep-screener.agent.md"
"PolicyMappingBot","cycle-14","Fintech","risco-compliance e escala segura","default rate, fraude, aprovação segura",".github/agents/cycle-14/policy-mapping-bot.agent.md"
"RegulatoryTrainingTracker","cycle-14","Fintech","risco-compliance e escala segura","default rate, fraude, aprovação segura",".github/agents/cycle-14/regulatory-training-tracker.agent.md"
"SanctionsScreener","cycle-14","Fintech","risco-compliance e escala segura","default rate, fraude, aprovação segura",".github/agents/cycle-14/sanctions-screener.agent.md"
"SARDrafter","cycle-14","Fintech","risco-compliance e escala segura","default rate, fraude, aprovação segura",".github/agents/cycle-14/sar-drafter.agent.md"
"SyntheticIdentityDetector","cycle-14","Fintech","risco-compliance e escala segura","default rate, fraude, aprovação segura",".github/agents/cycle-14/synthetic-identity-detector.agent.md"
"TransactionLinkAnalyzer","cycle-14","Fintech","risco-compliance e escala segura","default rate, fraude, aprovação segura",".github/agents/cycle-14/transaction-link-analyzer.agent.md"
"UBOMapper","cycle-14","Fintech","risco-compliance e escala segura","default rate, fraude, aprovação segura",".github/agents/cycle-14/ubo-mapper.agent.md"
"VelocityRuleEngine","cycle-14","Fintech","risco-compliance e escala segura","default rate, fraude, aprovação segura",".github/agents/cycle-14/velocity-rule-engine.agent.md"
"AccessRightAuditor","cycle-15","Fintech","risco-compliance e escala segura","default rate, fraude, aprovação segura",".github/agents/cycle-15/access-right-auditor.agent.md"
"AltDataScorer","cycle-15","Fintech","risco-compliance e escala segura","default rate, fraude, aprovação segura",".github/agents/cycle-15/alt-data-scorer.agent.md"
"AutoDecisionEngine","cycle-15","Fintech","risco-compliance e escala segura","default rate, fraude, aprovação segura",".github/agents/cycle-15/auto-decision-engine.agent.md"
"CapacityModeler","cycle-15","Fintech","risco-compliance e escala segura","default rate, fraude, aprovação segura",".github/agents/cycle-15/capacity-modeler.agent.md"
"CapitalAdequacyCalculator","cycle-15","Fintech","risco-compliance e escala segura","default rate, fraude, aprovação segura",".github/agents/cycle-15/capital-adequacy-calculator.agent.md"
"CentralBankXMLGenerator","cycle-15","Fintech","risco-compliance e escala segura","default rate, fraude, aprovação segura",".github/agents/cycle-15/central-bank-xml-generator.agent.md"
"DeadlineTracker","cycle-15","Fintech","risco-compliance e escala segura","default rate, fraude, aprovação segura",".github/agents/cycle-15/deadline-tracker.agent.md"
"DefaultProbabilityModeler","cycle-15","Fintech","risco-compliance e escala segura","default rate, fraude, aprovação segura",".github/agents/cycle-15/default-probability-modeler.agent.md"
"DeviceFingerprintMatcher","cycle-15","Fintech","risco-compliance e escala segura","default rate, fraude, aprovação segura",".github/agents/cycle-15/device-fingerprint-matcher.agent.md"
"FalsePositiveReducer","cycle-15","Fintech","risco-compliance e escala segura","default rate, fraude, aprovação segura",".github/agents/cycle-15/false-positive-reducer.agent.md"
"IncidentPostMortemDrafter","cycle-15","Fintech","risco-compliance e escala segura","default rate, fraude, aprovação segura",".github/agents/cycle-15/incident-post-mortem-drafter.agent.md"
"LimitDecreaseRecommender","cycle-15","Fintech","risco-compliance e escala segura","default rate, fraude, aprovação segura",".github/agents/cycle-15/limit-decrease-recommender.agent.md"
"LiquidityRatioMonitor","cycle-15","Fintech","risco-compliance e escala segura","default rate, fraude, aprovação segura",".github/agents/cycle-15/liquidity-ratio-monitor.agent.md"
"ProcessWalkthroughAutomator","cycle-15","Fintech","risco-compliance e escala segura","default rate, fraude, aprovação segura",".github/agents/cycle-15/process-walkthrough-automator.agent.md"
"RemediationPlanTracker","cycle-15","Fintech","risco-compliance e escala segura","default rate, fraude, aprovação segura",".github/agents/cycle-15/remediation-plan-tracker.agent.md"
"SLAEscalator","cycle-15","Fintech","risco-compliance e escala segura","default rate, fraude, aprovação segura",".github/agents/cycle-15/sla-escalator.agent.md"
"StressTestModeler","cycle-15","Fintech","risco-compliance e escala segura","default rate, fraude, aprovação segura",".github/agents/cycle-15/stress-test-modeler.agent.md"
"TransactionHoldReviewer","cycle-15","Fintech","risco-compliance e escala segura","default rate, fraude, aprovação segura",".github/agents/cycle-15/transaction-hold-reviewer.agent.md"
